"id","sessionId","questionId","questionText","questionType","response","createdAt","piiCategoriesDetected","data"
"e6228597-5124-4c69-8003-c93a2cd9bce3","05024d1b-02aa-4180-8e0c-d49313e8415a","1","How often do you use conversational AI systems?","multiple_choice","Daily","2026-03-27T14:54:09.051Z",,
"213e1802-7b80-41ae-bc86-895a79dc718b","05024d1b-02aa-4180-8e0c-d49313e8415a","7","It was clear to me how my inputs might be stored or used by the system. ","likert","Agree","2026-03-27T14:54:09.052Z",,
"81d3faf3-d6f4-46a0-a477-c6433da4ce1f","05024d1b-02aa-4180-8e0c-d49313e8415a","13","The interaction made me more aware of how personal details can be included in prompts.","likert","Strongly Agree","2026-03-27T14:54:09.052Z",,
"9a3d3097-cbb9-46d4-8acf-cd6c9159c2f5","05024d1b-02aa-4180-8e0c-d49313e8415a","8","How closely did your prompts resemble realistic personal scenarios?","multiple_choice","Moderately","2026-03-27T14:54:09.052Z",,
"7c3960a3-e66f-4336-885d-a1cdf1cb1371","05024d1b-02aa-4180-8e0c-d49313e8415a","14","In real-world use, I would be cautious about sharing personal information.","likert","Strongly Agree","2026-03-27T14:54:09.052Z",,
"f7e2ef4d-4c7c-4514-93fb-2399cfbb3671","05024d1b-02aa-4180-8e0c-d49313e8415a","9","I found myself including more detail than necessary.","likert","Neutral","2026-03-27T14:54:09.053Z",,
"79f28c50-7154-423b-b01c-60cfd33a245e","05024d1b-02aa-4180-8e0c-d49313e8415a","15","Thoughts or concerns about privacy.","text","I feel like everyone has my data now and I have no control over it at all","2026-03-27T14:54:09.053Z",,
"bb0d1731-431e-4f49-8ad2-745e5df0c7eb","05024d1b-02aa-4180-8e0c-d49313e8415a","2","What do you primarily use chatbots for? (Select all that apply)","multiple_choice","[""Learning or studying"",""Writing or editing text""]","2026-03-27T14:54:09.051Z",,
"cfa8a1f3-061f-482a-84e2-38d707f53f2a","05024d1b-02aa-4180-8e0c-d49313e8415a","5","The chatbot felt conversational and informal.","likert","Strongly Agree","2026-03-27T14:54:09.052Z",,
"5e8b0cbf-36d2-4a18-8b80-0aa57662dd1b","05024d1b-02aa-4180-8e0c-d49313e8415a","4","I felt confident that the chatbot would handle user-provided information securely.","likert","Disagree","2026-03-27T14:54:09.051Z",,
"4acf4bbf-f0ba-4d44-941a-773e9ce149f6","05024d1b-02aa-4180-8e0c-d49313e8415a","12","Did the chatbot encourage you to share more detailed information?","likert","Strongly Agree","2026-03-27T14:54:09.052Z",,
"43fd8481-90ce-46db-a8d5-222d3a183aa8","05024d1b-02aa-4180-8e0c-d49313e8415a","10","I felt in control of what information I shared.","likert","Strongly Agree","2026-03-27T14:54:09.052Z",,
"174cb4c6-e225-4bb0-bd3a-33c44c3d27aa","05024d1b-02aa-4180-8e0c-d49313e8415a","6","I felt comfortable interacting with the chatbot.","likert","Strongly Agree","2026-03-27T14:54:09.052Z",,
"cd74c55d-c34d-4b01-9a09-68c0a77d99d8","05024d1b-02aa-4180-8e0c-d49313e8415a","11","What influenced how much detail you included? (Select all that apply)","multiple_choice","[""Wanting more accurate responses"",""Task instructions"",""Time pressure""]","2026-03-27T14:54:09.052Z",,
"51abb9eb-3f3d-4626-93d8-ac4da4a15267","05024d1b-02aa-4180-8e0c-d49313e8415a","3","I was aware that information entered into the chatbot could pose a privacy risk.","likert","Strongly Agree","2026-03-27T14:54:09.051Z",,
"28a89e97-38f8-4e38-ab05-5dcf3fb8ed8a","d207fe20-3e04-4637-96e7-a45547c7c1b0","1","How often do you use conversational AI systems?","multiple_choice","Daily","2026-03-26T00:42:18.555Z",,
"e8349bba-d3cd-4469-8349-f954ba443817","d207fe20-3e04-4637-96e7-a45547c7c1b0","10","I felt in control of what information I shared.","likert","Disagree","2026-03-26T00:42:18.557Z",,
"8c6affc6-339c-4b51-b73e-81c092d08aab","d207fe20-3e04-4637-96e7-a45547c7c1b0","11","What influenced how much detail you included? (Select all that apply)","multiple_choice","[""Wanting more accurate responses"",""Task instructions"",""Not thinking about privacy"",""Trust in the system""]","2026-03-26T00:42:18.557Z",,
"612f4179-a290-45b5-8723-eaebe62416ba","d207fe20-3e04-4637-96e7-a45547c7c1b0","12","Did the chatbot encourage you to share more detailed information?","likert","Disagree","2026-03-26T00:42:18.557Z",,
"d323680e-87ce-4770-b5ce-533aa22bfcfd","d207fe20-3e04-4637-96e7-a45547c7c1b0","13","The interaction made me more aware of how personal details can be included in prompts.","likert","Agree","2026-03-26T00:42:18.557Z",,
"f4e6990b-fd82-4c9e-9221-e795e3cc83de","d207fe20-3e04-4637-96e7-a45547c7c1b0","14","In real-world use, I would be cautious about sharing personal information.","likert","Strongly Disagree","2026-03-26T00:42:18.557Z",,
"b3ab67c1-e294-407f-b2dc-4d87eb64b73a","d207fe20-3e04-4637-96e7-a45547c7c1b0","15","Thoughts or concerns about privacy.","text","By forgetting my context in between responses the chatbot made me more aware of the limitations of having a single response context window.","2026-03-26T00:42:18.557Z",,
"988c7c6f-ba56-46cb-9f9d-c3c292e50e2f","d207fe20-3e04-4637-96e7-a45547c7c1b0","3","I was aware that information entered into the chatbot could pose a privacy risk.","likert","Disagree","2026-03-26T00:42:18.556Z",,
"5e243d7a-31f7-442d-a68c-1e0e52ac6f25","d207fe20-3e04-4637-96e7-a45547c7c1b0","7","It was clear to me how my inputs might be stored or used by the system. ","likert","Neutral","2026-03-26T00:42:18.556Z",,
"9bd945cb-69ba-475c-bcec-7a489d349efb","d207fe20-3e04-4637-96e7-a45547c7c1b0","5","The chatbot felt conversational and informal.","likert","Disagree","2026-03-26T00:42:18.556Z",,
"6dacf0e1-30f4-4811-889d-055c248e62ea","d207fe20-3e04-4637-96e7-a45547c7c1b0","2","What do you primarily use chatbots for? (Select all that apply)","multiple_choice","[""Programming or technical help"",""Learning or studying""]","2026-03-26T00:42:18.556Z",,
"42654b3b-a35c-4f2d-b1bd-515be827ec89","d207fe20-3e04-4637-96e7-a45547c7c1b0","4","I felt confident that the chatbot would handle user-provided information securely.","likert","Strongly Agree","2026-03-26T00:42:18.556Z",,
"be3ba2ae-b965-44e5-beee-0b4cea192ecf","d207fe20-3e04-4637-96e7-a45547c7c1b0","8","How closely did your prompts resemble realistic personal scenarios?","multiple_choice","Very closely","2026-03-26T00:42:18.556Z",,
"9f83ef95-1c84-4c62-a63e-5f2bedcbf3a3","d207fe20-3e04-4637-96e7-a45547c7c1b0","9","I found myself including more detail than necessary.","likert","Agree","2026-03-26T00:42:18.557Z",,
"866cc8d6-9106-4175-93d6-541d7a7f71af","d207fe20-3e04-4637-96e7-a45547c7c1b0","6","I felt comfortable interacting with the chatbot.","likert","Disagree","2026-03-26T00:42:18.556Z",,
"28d698eb-120f-4c6b-a32c-553b3b233506","ad027d83-93ae-4ffc-95ef-5885900c1251","1","How often do you use conversational AI systems?","multiple_choice","Daily","2026-03-27T17:39:17.662Z",,
"47b0b70d-aa70-46af-bc91-f9ec6e029bf6","ad027d83-93ae-4ffc-95ef-5885900c1251","10","I felt in control of what information I shared.","likert","Neutral","2026-03-27T17:39:17.663Z",,
"22066eab-092a-4f45-bf22-262c20188cba","ad027d83-93ae-4ffc-95ef-5885900c1251","9","I found myself including more detail than necessary.","likert","Neutral","2026-03-27T17:39:17.663Z",,
"218dca4a-2adc-40bc-b397-dadcc40442a2","ad027d83-93ae-4ffc-95ef-5885900c1251","4","I felt confident that the chatbot would handle user-provided information securely.","likert","Neutral","2026-03-27T17:39:17.662Z",,
"bbe09b42-7e48-4fe3-acc2-790950f42384","ad027d83-93ae-4ffc-95ef-5885900c1251","15","Thoughts or concerns about privacy.","text","","2026-03-27T17:39:17.663Z",,
"4ce834c3-d40e-4d78-ad26-e9cbf40c63a5","ad027d83-93ae-4ffc-95ef-5885900c1251","6","I felt comfortable interacting with the chatbot.","likert","Agree","2026-03-27T17:39:17.663Z",,
"88baf90f-f205-4d32-9eec-819064d23885","ad027d83-93ae-4ffc-95ef-5885900c1251","5","The chatbot felt conversational and informal.","likert","Neutral","2026-03-27T17:39:17.663Z",,
"f752dab6-851e-4c7d-b560-4c90c144e448","ad027d83-93ae-4ffc-95ef-5885900c1251","14","In real-world use, I would be cautious about sharing personal information.","likert","Neutral","2026-03-27T17:39:17.663Z",,
"dc9bc90c-c540-4f31-80c0-a04765779b7a","ad027d83-93ae-4ffc-95ef-5885900c1251","3","I was aware that information entered into the chatbot could pose a privacy risk.","likert","Neutral","2026-03-27T17:39:17.663Z",,
"2df5238d-1b86-40d9-a708-7b9b483b9eb6","ad027d83-93ae-4ffc-95ef-5885900c1251","8","How closely did your prompts resemble realistic personal scenarios?","multiple_choice","Moderately","2026-03-27T17:39:17.663Z",,
"e2b67fdb-bc14-41d2-a5be-261ac252e0e6","ad027d83-93ae-4ffc-95ef-5885900c1251","12","Did the chatbot encourage you to share more detailed information?","likert","Strongly Agree","2026-03-27T17:39:17.663Z",,
"4e4640c4-cf8f-4b51-b2f8-983bf256ca56","ad027d83-93ae-4ffc-95ef-5885900c1251","2","What do you primarily use chatbots for? (Select all that apply)","multiple_choice","[""General information""]","2026-03-27T17:39:17.662Z",,
"24ff6d83-9749-417f-ad3f-8030c84c9e0c","ad027d83-93ae-4ffc-95ef-5885900c1251","11","What influenced how much detail you included? (Select all that apply)","multiple_choice","[""Time pressure""]","2026-03-27T17:39:17.663Z",,
"5cda4375-e287-4872-a57a-b7662b269af3","ad027d83-93ae-4ffc-95ef-5885900c1251","13","The interaction made me more aware of how personal details can be included in prompts.","likert","Agree","2026-03-27T17:39:17.663Z",,
"8c3a96a6-16f0-43df-900b-69169d847976","ad027d83-93ae-4ffc-95ef-5885900c1251","7","It was clear to me how my inputs might be stored or used by the system. ","likert","Agree","2026-03-27T17:39:17.663Z",,
"1e9924e4-4c41-4a9e-b94b-2a164e6c1ff6","2cea9acf-f3db-49bf-823d-d33ae8eed855","1","How often do you use conversational AI systems?","multiple_choice","Daily","2026-03-28T09:43:21.078Z",,
"e55254fe-3860-45cb-bd02-ffbd1232730b","2cea9acf-f3db-49bf-823d-d33ae8eed855","11","What influenced how much detail you included? (Select all that apply)","multiple_choice","[""Task instructions"",""Time pressure""]","2026-03-28T09:43:21.079Z",,
"b8c88e59-aeda-45e9-9445-7f0225c46707","2cea9acf-f3db-49bf-823d-d33ae8eed855","8","How closely did your prompts resemble realistic personal scenarios?","multiple_choice","Slightly","2026-03-28T09:43:21.079Z",,
"bc7220ed-9c99-48eb-804b-63919aa48135","2cea9acf-f3db-49bf-823d-d33ae8eed855","12","Did the chatbot encourage you to share more detailed information?","likert","Agree","2026-03-28T09:43:21.079Z",,
"1f217067-a0e6-4819-94ff-7a4cec12b74b","2cea9acf-f3db-49bf-823d-d33ae8eed855","13","The interaction made me more aware of how personal details can be included in prompts.","likert","Disagree","2026-03-28T09:43:21.079Z",,
"7c0a93bf-b2be-40cf-bd61-c128c6069649","2cea9acf-f3db-49bf-823d-d33ae8eed855","14","In real-world use, I would be cautious about sharing personal information.","likert","Strongly Agree","2026-03-28T09:43:21.079Z",,
"39a606a1-1859-40fb-b302-47ec17c7b100","2cea9acf-f3db-49bf-823d-d33ae8eed855","2","What do you primarily use chatbots for? (Select all that apply)","multiple_choice","[""Programming or technical help""]","2026-03-28T09:43:21.078Z",,
"0704a09a-6e19-43ec-9915-bae013344f6f","2cea9acf-f3db-49bf-823d-d33ae8eed855","6","I felt comfortable interacting with the chatbot.","likert","Agree","2026-03-28T09:43:21.079Z",,
"72a56b6c-28d8-40b6-90f6-376197802115","2cea9acf-f3db-49bf-823d-d33ae8eed855","15","Thoughts or concerns about privacy.","text","I could share a credit card number piecemeal but not as a whole.","2026-03-28T09:43:21.079Z",,
"f425b735-879a-48d3-b7bd-08dca4175b5f","2cea9acf-f3db-49bf-823d-d33ae8eed855","10","I felt in control of what information I shared.","likert","Strongly Disagree","2026-03-28T09:43:21.079Z",,
"f1072b2d-0be3-42b5-8c0e-2e65e83ec355","2cea9acf-f3db-49bf-823d-d33ae8eed855","9","I found myself including more detail than necessary.","likert","Disagree","2026-03-28T09:43:21.078Z",,
"e85db325-baa0-43b5-92e7-f02b4dd7a988","2cea9acf-f3db-49bf-823d-d33ae8eed855","7","It was clear to me how my inputs might be stored or used by the system. ","likert","Agree","2026-03-28T09:43:21.079Z",,
"23453914-74da-431a-a935-37c90a95b6c9","2cea9acf-f3db-49bf-823d-d33ae8eed855","4","I felt confident that the chatbot would handle user-provided information securely.","likert","Strongly Disagree","2026-03-28T09:43:21.078Z",,
"1dea41f1-9315-4b0a-ac0b-182416edaa27","2cea9acf-f3db-49bf-823d-d33ae8eed855","5","The chatbot felt conversational and informal.","likert","Strongly Disagree","2026-03-28T09:43:21.078Z",,
"1837e0cf-f507-4e5e-b9c3-12caccab164b","2cea9acf-f3db-49bf-823d-d33ae8eed855","3","I was aware that information entered into the chatbot could pose a privacy risk.","likert","Strongly Agree","2026-03-28T09:43:21.078Z",,
"a90f13b9-7045-4c26-9d85-f562aa260153","cb2b6442-ce45-4f31-a8a9-d5b0f58986ea","1","How often do you use conversational AI systems?","multiple_choice","Daily","2026-03-28T09:54:05.142Z",,
"a01e4015-eef4-4429-90a8-49c074d7fdba","cb2b6442-ce45-4f31-a8a9-d5b0f58986ea","10","I felt in control of what information I shared.","likert","Agree","2026-03-28T09:54:05.145Z",,
"dd1b6002-e12b-4494-808e-2c29cca8b7c9","cb2b6442-ce45-4f31-a8a9-d5b0f58986ea","11","What influenced how much detail you included? (Select all that apply)","multiple_choice","[""Wanting more accurate responses"",""Task instructions"",""Time pressure""]","2026-03-28T09:54:05.146Z",,
"4b0275f7-5edf-4471-8b9f-8ef8c66e96af","cb2b6442-ce45-4f31-a8a9-d5b0f58986ea","12","Did the chatbot encourage you to share more detailed information?","likert","Agree","2026-03-28T09:54:05.146Z",,
"d0360892-1cec-4524-b68c-a1362fcbfe0b","cb2b6442-ce45-4f31-a8a9-d5b0f58986ea","13","The interaction made me more aware of how personal details can be included in prompts.","likert","Strongly Agree","2026-03-28T09:54:05.146Z",,
"b9cde30c-6491-4c6a-a8cf-0c41ccd78a5c","cb2b6442-ce45-4f31-a8a9-d5b0f58986ea","14","In real-world use, I would be cautious about sharing personal information.","likert","Strongly Agree","2026-03-28T09:54:05.146Z",,
"e4483802-c90f-4d2d-8200-74a5e78eaef0","cb2b6442-ce45-4f31-a8a9-d5b0f58986ea","15","Thoughts or concerns about privacy.","text","Could send bank account number, and sort code.","2026-03-28T09:54:05.146Z",,
"a60a2c74-7ca4-48c3-b980-88016e868bd4","cb2b6442-ce45-4f31-a8a9-d5b0f58986ea","4","I felt confident that the chatbot would handle user-provided information securely.","likert","Strongly Disagree","2026-03-28T09:54:05.142Z",,
"2a15d2fb-0619-4922-8498-4f8c1d2a766f","cb2b6442-ce45-4f31-a8a9-d5b0f58986ea","2","What do you primarily use chatbots for? (Select all that apply)","multiple_choice","[""Learning or studying"",""General information""]","2026-03-28T09:54:05.143Z",,
"67bed77a-1d3a-4259-87fd-acbeeeaacc01","cb2b6442-ce45-4f31-a8a9-d5b0f58986ea","6","I felt comfortable interacting with the chatbot.","likert","Agree","2026-03-28T09:54:05.144Z",,
"177d5b86-7f72-4746-a840-0ac6d1597494","cb2b6442-ce45-4f31-a8a9-d5b0f58986ea","3","I was aware that information entered into the chatbot could pose a privacy risk.","likert","Agree","2026-03-28T09:54:05.143Z",,
"78b03888-dd20-48e7-9d3d-b4bc77add66c","cb2b6442-ce45-4f31-a8a9-d5b0f58986ea","8","How closely did your prompts resemble realistic personal scenarios?","multiple_choice","Slightly","2026-03-28T09:54:05.144Z",,
"4393b490-b9d2-4352-8221-c77e9c2ecd62","cb2b6442-ce45-4f31-a8a9-d5b0f58986ea","7","It was clear to me how my inputs might be stored or used by the system. ","likert","Disagree","2026-03-28T09:54:05.144Z",,
"6d5261d8-410c-4071-ad75-86b40c592739","cb2b6442-ce45-4f31-a8a9-d5b0f58986ea","5","The chatbot felt conversational and informal.","likert","Disagree","2026-03-28T09:54:05.143Z",,
"41dc4b7a-d19e-45f0-8710-f68a115f0422","cb2b6442-ce45-4f31-a8a9-d5b0f58986ea","9","I found myself including more detail than necessary.","likert","Strongly Disagree","2026-03-28T09:54:05.145Z",,
"a3429648-9b08-4a79-943d-87fb3c10cb03","222ae313-0fb6-4b61-abea-1461956eb936","1","How often do you use conversational AI systems?","multiple_choice","Daily","2026-03-28T10:01:16.687Z",,
"71c84099-e4fb-418a-88a6-cf586f029123","222ae313-0fb6-4b61-abea-1461956eb936","10","I felt in control of what information I shared.","likert","Strongly Agree","2026-03-28T10:01:16.690Z",,
"4a7f0000-5fac-44aa-8b6c-a798ba9e45d2","222ae313-0fb6-4b61-abea-1461956eb936","11","What influenced how much detail you included? (Select all that apply)","multiple_choice","[""Wanting more accurate responses"",""Task instructions""]","2026-03-28T10:01:16.690Z",,
"f29ac6df-8f72-46c6-aea1-65006685baf5","222ae313-0fb6-4b61-abea-1461956eb936","12","Did the chatbot encourage you to share more detailed information?","likert","Agree","2026-03-28T10:01:16.690Z",,
"422c79c2-5f18-4872-aefa-69bea725668f","222ae313-0fb6-4b61-abea-1461956eb936","13","The interaction made me more aware of how personal details can be included in prompts.","likert","Agree","2026-03-28T10:01:16.690Z",,
"4be2d80e-724e-494f-8a1e-4201f194fae8","222ae313-0fb6-4b61-abea-1461956eb936","14","In real-world use, I would be cautious about sharing personal information.","likert","Strongly Agree","2026-03-28T10:01:16.690Z",,
"5c67e9f3-59b2-4eaa-9d22-a4cd7e6bd74e","222ae313-0fb6-4b61-abea-1461956eb936","15","Thoughts or concerns about privacy.","text","","2026-03-28T10:01:16.690Z",,
"898b6664-0291-4bff-a0d2-e4abba2b8fcf","222ae313-0fb6-4b61-abea-1461956eb936","4","I felt confident that the chatbot would handle user-provided information securely.","likert","Strongly Disagree","2026-03-28T10:01:16.687Z",,
"ec696aac-3292-4c90-846c-4f2b35d431e2","222ae313-0fb6-4b61-abea-1461956eb936","3","I was aware that information entered into the chatbot could pose a privacy risk.","likert","Agree","2026-03-28T10:01:16.687Z",,
"74d1c47d-8673-46af-bf07-6bab138b1d2b","222ae313-0fb6-4b61-abea-1461956eb936","2","What do you primarily use chatbots for? (Select all that apply)","multiple_choice","[""Learning or studying""]","2026-03-28T10:01:16.687Z",,
"82ada255-c27e-483e-b7d0-a623ffbb6886","222ae313-0fb6-4b61-abea-1461956eb936","5","The chatbot felt conversational and informal.","likert","Agree","2026-03-28T10:01:16.688Z",,
"713eba83-983b-435d-89a2-ef5dff37bc7e","222ae313-0fb6-4b61-abea-1461956eb936","6","I felt comfortable interacting with the chatbot.","likert","Agree","2026-03-28T10:01:16.688Z",,
"a0ba0fc1-6c88-4b7d-97bd-33b63f42ae16","222ae313-0fb6-4b61-abea-1461956eb936","9","I found myself including more detail than necessary.","likert","Strongly Disagree","2026-03-28T10:01:16.690Z",,
"9c08a9f3-9ecf-4a73-956e-94395e294ebd","222ae313-0fb6-4b61-abea-1461956eb936","8","How closely did your prompts resemble realistic personal scenarios?","multiple_choice","Slightly","2026-03-28T10:01:16.689Z",,
"1dfc15bc-7083-44df-9021-4006f95bbbc8","222ae313-0fb6-4b61-abea-1461956eb936","7","It was clear to me how my inputs might be stored or used by the system. ","likert","Disagree","2026-03-28T10:01:16.689Z",,
"dd54cb1d-784b-4192-8172-4f79fc08de99","5c6a330d-bd76-4091-a431-00f41d22323f","1","How often do you use conversational AI systems?","multiple_choice","Daily","2026-03-28T10:13:25.253Z",,
"5ada9cd4-3a48-40c8-89dc-6457c49d586d","5c6a330d-bd76-4091-a431-00f41d22323f","10","I felt in control of what information I shared.","likert","Strongly Agree","2026-03-28T10:13:25.256Z",,
"6132569a-ca7e-4c39-8752-68bb6ccf093a","5c6a330d-bd76-4091-a431-00f41d22323f","11","What influenced how much detail you included? (Select all that apply)","multiple_choice","[""Wanting more accurate responses"",""Task instructions""]","2026-03-28T10:13:25.256Z",,
"3d26e5dc-5b13-4234-aed6-ddbd823b8b06","5c6a330d-bd76-4091-a431-00f41d22323f","12","Did the chatbot encourage you to share more detailed information?","likert","Agree","2026-03-28T10:13:25.256Z",,
"d1e3764e-faf5-4f0a-b539-305066f21b3c","5c6a330d-bd76-4091-a431-00f41d22323f","13","The interaction made me more aware of how personal details can be included in prompts.","likert","Neutral","2026-03-28T10:13:25.256Z",,
"adeadffa-ed18-4769-8886-706419e1eb5f","5c6a330d-bd76-4091-a431-00f41d22323f","2","What do you primarily use chatbots for? (Select all that apply)","multiple_choice","[""Learning or studying"",""Programming or technical help""]","2026-03-28T10:13:25.253Z",,
"03bb8be9-44e9-4cb7-9585-538448f8ef2a","5c6a330d-bd76-4091-a431-00f41d22323f","14","In real-world use, I would be cautious about sharing personal information.","likert","Strongly Agree","2026-03-28T10:13:25.256Z",,
"4454066e-511c-4e7c-904d-6cb135357a70","5c6a330d-bd76-4091-a431-00f41d22323f","15","Thoughts or concerns about privacy.","text","","2026-03-28T10:13:25.256Z",,
"1a7c7d67-023c-47fb-b46d-2a205dcb208b","5c6a330d-bd76-4091-a431-00f41d22323f","5","The chatbot felt conversational and informal.","likert","Disagree","2026-03-28T10:13:25.254Z",,
"1b71cb1b-192b-4cd0-b792-222ddd5a62a6","5c6a330d-bd76-4091-a431-00f41d22323f","6","I felt comfortable interacting with the chatbot.","likert","","2026-03-28T10:13:25.254Z",,
"db7e8df8-8127-4af7-8e31-6fcbad86f34b","5c6a330d-bd76-4091-a431-00f41d22323f","7","It was clear to me how my inputs might be stored or used by the system. ","likert","Agree","2026-03-28T10:13:25.255Z",,
"00b02687-4412-43bf-9dad-1c049d64ca59","5c6a330d-bd76-4091-a431-00f41d22323f","3","I was aware that information entered into the chatbot could pose a privacy risk.","likert","Strongly Agree","2026-03-28T10:13:25.253Z",,
"6da6a057-cfb6-4b72-9c85-ae34c68bb4c9","5c6a330d-bd76-4091-a431-00f41d22323f","4","I felt confident that the chatbot would handle user-provided information securely.","likert","Strongly Disagree","2026-03-28T10:13:25.254Z",,
"2d00b952-5e67-475e-888d-fd2ebb2c6c3b","5c6a330d-bd76-4091-a431-00f41d22323f","9","I found myself including more detail than necessary.","likert","Agree","2026-03-28T10:13:25.255Z",,
"57068893-095d-4d4e-b829-2d78164269ab","5c6a330d-bd76-4091-a431-00f41d22323f","8","How closely did your prompts resemble realistic personal scenarios?","multiple_choice","Moderately","2026-03-28T10:13:25.255Z",,
"28a867d0-9352-496e-89d0-e3b190bc2524","5e98c23b-02ef-4e3e-a74f-46f83ca38788","1","How often do you use conversational AI systems?","multiple_choice","Rarely","2026-03-30T07:24:59.337Z",,
"4182a51b-1f87-456f-9991-4ca000868783","5e98c23b-02ef-4e3e-a74f-46f83ca38788","10","I felt in control of what information I shared.","likert","Strongly Agree","2026-03-30T07:24:59.338Z",,
"d5ceb5c3-c1a8-4d8a-867e-ab23c773a294","5e98c23b-02ef-4e3e-a74f-46f83ca38788","11","What influenced how much detail you included? (Select all that apply)","multiple_choice","[""Task instructions""]","2026-03-30T07:24:59.338Z",,
"7698d137-679b-4df2-a667-bdb198aedde4","5e98c23b-02ef-4e3e-a74f-46f83ca38788","7","It was clear to me how my inputs might be stored or used by the system. ","likert","Strongly Agree","2026-03-30T07:24:59.337Z",,
"5692d652-52fa-4fa1-bb92-40022656ff6a","5e98c23b-02ef-4e3e-a74f-46f83ca38788","12","Did the chatbot encourage you to share more detailed information?","likert","Agree","2026-03-30T07:24:59.338Z",,
"930822a7-2616-4b5d-a86e-23c1a29d12f1","5e98c23b-02ef-4e3e-a74f-46f83ca38788","13","The interaction made me more aware of how personal details can be included in prompts.","likert","Agree","2026-03-30T07:24:59.338Z",,
"ba636da9-e33c-4f84-8fe5-455ddeb42655","5e98c23b-02ef-4e3e-a74f-46f83ca38788","15","Thoughts or concerns about privacy.","text","n/a","2026-03-30T07:24:59.338Z",,
"f07f1803-6515-4893-af37-c0b5f10623c7","5e98c23b-02ef-4e3e-a74f-46f83ca38788","14","In real-world use, I would be cautious about sharing personal information.","likert","Strongly Agree","2026-03-30T07:24:59.338Z",,
"25b12f8d-ceab-43da-bc50-3c06443601b7","5e98c23b-02ef-4e3e-a74f-46f83ca38788","9","I found myself including more detail than necessary.","likert","Disagree","2026-03-30T07:24:59.338Z",,
"8ec2a0fd-9f62-45a9-a6c0-c799acac6470","5e98c23b-02ef-4e3e-a74f-46f83ca38788","3","I was aware that information entered into the chatbot could pose a privacy risk.","likert","Strongly Agree","2026-03-30T07:24:59.337Z",,
"c9352a55-1397-4829-b7eb-962761236d55","5e98c23b-02ef-4e3e-a74f-46f83ca38788","6","I felt comfortable interacting with the chatbot.","likert","Agree","2026-03-30T07:24:59.337Z",,
"ba9e0eea-b5c1-4aba-816d-bf5b0828fe9a","5e98c23b-02ef-4e3e-a74f-46f83ca38788","2","What do you primarily use chatbots for? (Select all that apply)","multiple_choice","[""Writing or editing text""]","2026-03-30T07:24:59.337Z",,
"87ff3cd2-3c6b-47da-ac7c-1801f00ff7d4","5e98c23b-02ef-4e3e-a74f-46f83ca38788","8","How closely did your prompts resemble realistic personal scenarios?","multiple_choice","Very closely","2026-03-30T07:24:59.338Z",,
"d28a966d-632b-443e-860a-f83a3a3c3a71","5e98c23b-02ef-4e3e-a74f-46f83ca38788","4","I felt confident that the chatbot would handle user-provided information securely.","likert","Neutral","2026-03-30T07:24:59.337Z",,
"7b36a729-7cd9-4b0b-a59a-d66c1ac18a77","5e98c23b-02ef-4e3e-a74f-46f83ca38788","5","The chatbot felt conversational and informal.","likert","Agree","2026-03-30T07:24:59.337Z",,
"051f924e-2646-49c4-a6e4-87c0b0d41849","472ab492-e347-452a-bb26-5adcad1d6df6","1","How often do you use conversational AI systems?","multiple_choice","Rarely","2026-03-30T12:48:50.865Z",,
"620182e9-3f00-4231-9f01-2e52455a0d1a","472ab492-e347-452a-bb26-5adcad1d6df6","8","How closely did your prompts resemble realistic personal scenarios?","multiple_choice","Very closely","2026-03-30T12:48:50.866Z",,
"def697cb-3bc9-43b0-b720-fa8829752715","472ab492-e347-452a-bb26-5adcad1d6df6","15","Thoughts or concerns about privacy.","text","","2026-03-30T12:48:50.866Z",,
"e9042175-7445-4848-b529-be8912e8d685","472ab492-e347-452a-bb26-5adcad1d6df6","9","I found myself including more detail than necessary.","likert","Agree","2026-03-30T12:48:50.866Z",,
"1d55902f-916c-487a-ac31-02ad66eced77","472ab492-e347-452a-bb26-5adcad1d6df6","10","I felt in control of what information I shared.","likert","Neutral","2026-03-30T12:48:50.866Z",,
"3a047a2d-3fec-4fea-bca4-4468f41131bd","472ab492-e347-452a-bb26-5adcad1d6df6","11","What influenced how much detail you included? (Select all that apply)","multiple_choice","[""Wanting more accurate responses"",""Task instructions""]","2026-03-30T12:48:50.867Z",,
"a59fe8e9-e886-4ec6-ad16-dbd7272c6fda","472ab492-e347-452a-bb26-5adcad1d6df6","12","Did the chatbot encourage you to share more detailed information?","likert","Agree","2026-03-30T12:48:50.867Z",,
"a2eb01d3-52e6-4520-ba8c-06247406612b","472ab492-e347-452a-bb26-5adcad1d6df6","4","I felt confident that the chatbot would handle user-provided information securely.","likert","Disagree","2026-03-30T12:48:50.866Z",,
"09ba7d8a-ac71-48f8-87e5-b01e81cf0cb4","472ab492-e347-452a-bb26-5adcad1d6df6","14","In real-world use, I would be cautious about sharing personal information.","likert","Disagree","2026-03-30T12:48:50.866Z",,
"c1b08f95-8391-4874-bd32-6675e207b442","472ab492-e347-452a-bb26-5adcad1d6df6","2","What do you primarily use chatbots for? (Select all that apply)","multiple_choice","[""Writing or editing text"",""Programming or technical help"",""Learning or studying""]","2026-03-30T12:48:50.865Z",,
"18c18e12-2c28-49bd-8b49-43d53fd01bf9","472ab492-e347-452a-bb26-5adcad1d6df6","6","I felt comfortable interacting with the chatbot.","likert","Agree","2026-03-30T12:48:50.866Z",,
"02d9b2f1-dc98-40a6-93ae-2ed7cef1dfa0","472ab492-e347-452a-bb26-5adcad1d6df6","7","It was clear to me how my inputs might be stored or used by the system. ","likert","Neutral","2026-03-30T12:48:50.866Z",,
"19ce37ae-f5c7-4ba9-b4c7-8cf2300641da","472ab492-e347-452a-bb26-5adcad1d6df6","3","I was aware that information entered into the chatbot could pose a privacy risk.","likert","Strongly Agree","2026-03-30T12:48:50.865Z",,
"2e60c68d-32b2-4311-9b43-0b79c9252e48","472ab492-e347-452a-bb26-5adcad1d6df6","13","The interaction made me more aware of how personal details can be included in prompts.","likert","Agree","2026-03-30T12:48:50.866Z",,
"f9968f4a-4f86-4e1c-8265-efa4eea8956e","472ab492-e347-452a-bb26-5adcad1d6df6","5","The chatbot felt conversational and informal.","likert","Agree","2026-03-30T12:48:50.866Z",,
"4b7eddc9-fda6-490a-a054-327f134bc01d","135fc7ed-ca64-4f8d-8f43-eb53b1791e7d","1","How often do you use conversational AI systems?","multiple_choice","Occasionally","2026-03-30T18:51:24.977Z",,
"3d632621-2e08-48e3-95c5-833332e7e56a","135fc7ed-ca64-4f8d-8f43-eb53b1791e7d","10","I felt in control of what information I shared.","likert","Agree","2026-03-30T18:51:24.978Z",,
"cee1ad80-3965-4c92-a996-fc3024263755","135fc7ed-ca64-4f8d-8f43-eb53b1791e7d","11","What influenced how much detail you included? (Select all that apply)","multiple_choice","[""Trust in the system""]","2026-03-30T18:51:24.978Z",,
"2e58db03-5660-4d45-9233-96a51e8e0f2d","135fc7ed-ca64-4f8d-8f43-eb53b1791e7d","12","Did the chatbot encourage you to share more detailed information?","likert","Agree","2026-03-30T18:51:24.978Z",,
"1758aa33-707c-4518-b047-55740f60c847","135fc7ed-ca64-4f8d-8f43-eb53b1791e7d","13","The interaction made me more aware of how personal details can be included in prompts.","likert","Agree","2026-03-30T18:51:24.978Z",,
"ecd2ff40-3f1b-427e-a79e-8aa568015159","135fc7ed-ca64-4f8d-8f43-eb53b1791e7d","14","In real-world use, I would be cautious about sharing personal information.","likert","Strongly Agree","2026-03-30T18:51:24.978Z",,
"65f21ae4-b6d5-4497-9d1c-5d400389b50f","135fc7ed-ca64-4f8d-8f43-eb53b1791e7d","15","Thoughts or concerns about privacy.","text","","2026-03-30T18:51:24.978Z",,
"f045493d-e71c-4ca4-8e43-880a837f9564","135fc7ed-ca64-4f8d-8f43-eb53b1791e7d","2","What do you primarily use chatbots for? (Select all that apply)","multiple_choice","[""Learning or studying""]","2026-03-30T18:51:24.977Z",,
"35fbcaf2-c765-4c86-857b-91c69078b8d1","135fc7ed-ca64-4f8d-8f43-eb53b1791e7d","9","I found myself including more detail than necessary.","likert","Disagree","2026-03-30T18:51:24.978Z",,
"81c83269-6cef-4060-9b97-8656122a10ce","135fc7ed-ca64-4f8d-8f43-eb53b1791e7d","8","How closely did your prompts resemble realistic personal scenarios?","multiple_choice","Slightly","2026-03-30T18:51:24.978Z",,
"27b8040d-13f5-417d-8da2-511d297403e9","135fc7ed-ca64-4f8d-8f43-eb53b1791e7d","4","I felt confident that the chatbot would handle user-provided information securely.","likert","Neutral","2026-03-30T18:51:24.977Z",,
"ee757667-d275-43d8-9c64-fada840a7761","135fc7ed-ca64-4f8d-8f43-eb53b1791e7d","3","I was aware that information entered into the chatbot could pose a privacy risk.","likert","Agree","2026-03-30T18:51:24.977Z",,
"5392591b-acc0-494f-bd4a-66c39ef51621","135fc7ed-ca64-4f8d-8f43-eb53b1791e7d","6","I felt comfortable interacting with the chatbot.","likert","Disagree","2026-03-30T18:51:24.977Z",,
"778d07ce-7e8c-42bd-9ab1-e677d3852a18","135fc7ed-ca64-4f8d-8f43-eb53b1791e7d","7","It was clear to me how my inputs might be stored or used by the system. ","likert","Neutral","2026-03-30T18:51:24.978Z",,
"ef7e2a81-aaa5-4489-b168-4caf037ddff1","135fc7ed-ca64-4f8d-8f43-eb53b1791e7d","5","The chatbot felt conversational and informal.","likert","Disagree","2026-03-30T18:51:24.977Z",,
"ad4d1459-603e-46cd-b2c8-abf17ade3075","d1158884-414a-4652-9068-80372c6d2dc2","1","How often do you use conversational AI systems?","multiple_choice","Occasionally","2026-03-30T18:58:35.232Z",,
"e4f793b2-42d1-4869-8221-6c9c6e828bb1","d1158884-414a-4652-9068-80372c6d2dc2","10","I felt in control of what information I shared.","likert","Agree","2026-03-30T18:58:35.235Z",,
"22d9b58d-8709-40e6-b5a6-b860b14f8003","d1158884-414a-4652-9068-80372c6d2dc2","11","What influenced how much detail you included? (Select all that apply)","multiple_choice","[""Wanting more accurate responses"",""Task instructions"",""Chatbot's tone""]","2026-03-30T18:58:35.235Z",,
"0031f7aa-72a5-4c7c-96d0-b5bdb5208284","d1158884-414a-4652-9068-80372c6d2dc2","12","Did the chatbot encourage you to share more detailed information?","likert","Disagree","2026-03-30T18:58:35.235Z",,
"378c506c-c441-4045-8bda-0e36b7b1f144","d1158884-414a-4652-9068-80372c6d2dc2","13","The interaction made me more aware of how personal details can be included in prompts.","likert","Agree","2026-03-30T18:58:35.235Z",,
"80355fdf-23c9-4bef-9ced-d6ea188d4bb9","d1158884-414a-4652-9068-80372c6d2dc2","3","I was aware that information entered into the chatbot could pose a privacy risk.","likert","Strongly Agree","2026-03-30T18:58:35.232Z",,
"1370f078-84a4-4f83-9e5f-d8fe9ffbced4","d1158884-414a-4652-9068-80372c6d2dc2","14","In real-world use, I would be cautious about sharing personal information.","likert","Strongly Agree","2026-03-30T18:58:35.235Z",,
"7cf3416a-ff08-4c47-afc9-b4ea5e55164b","d1158884-414a-4652-9068-80372c6d2dc2","15","Thoughts or concerns about privacy.","text","","2026-03-30T18:58:35.235Z",,
"d69c0e39-86aa-46c4-877c-1b8c79c73856","d1158884-414a-4652-9068-80372c6d2dc2","6","I felt comfortable interacting with the chatbot.","likert","Neutral","2026-03-30T18:58:35.233Z",,
"9db72e61-aafc-4e71-825c-3c7c4bd3dc41","d1158884-414a-4652-9068-80372c6d2dc2","2","What do you primarily use chatbots for? (Select all that apply)","multiple_choice","[""Writing or editing text"",""Learning or studying""]","2026-03-30T18:58:35.232Z",,
"ada7ad5f-7666-4a17-bac9-e1d139454582","d1158884-414a-4652-9068-80372c6d2dc2","8","How closely did your prompts resemble realistic personal scenarios?","multiple_choice","Very closely","2026-03-30T18:58:35.234Z",,
"c8742c82-5030-4f39-9d39-f37149e9d736","d1158884-414a-4652-9068-80372c6d2dc2","9","I found myself including more detail than necessary.","likert","Neutral","2026-03-30T18:58:35.234Z",,
"483a7a49-0f94-45a7-a68c-b17804dea987","d1158884-414a-4652-9068-80372c6d2dc2","7","It was clear to me how my inputs might be stored or used by the system. ","likert","Disagree","2026-03-30T18:58:35.234Z",,
"6a407ac1-0eb9-4961-a99c-23b7aea96dda","d1158884-414a-4652-9068-80372c6d2dc2","4","I felt confident that the chatbot would handle user-provided information securely.","likert","Neutral","2026-03-30T18:58:35.233Z",,
"bebc0660-2f54-4a28-9029-9392753aafe6","d1158884-414a-4652-9068-80372c6d2dc2","5","The chatbot felt conversational and informal.","likert","Disagree","2026-03-30T18:58:35.233Z",,
"eb1e1e03-38e1-4f25-814e-05b639b2c71b","0edd34bf-ea11-4c14-a75f-e7b1ddf61225","1","How often do you use conversational AI systems?","multiple_choice","Never","2026-03-30T19:20:20.520Z",,
"dc8b4a5d-e5a5-4f81-a503-0c0c5418d956","0edd34bf-ea11-4c14-a75f-e7b1ddf61225","10","I felt in control of what information I shared.","likert","Neutral","2026-03-30T19:20:20.525Z",,
"4189a876-346f-4755-92fa-ad06f26ef2e9","0edd34bf-ea11-4c14-a75f-e7b1ddf61225","11","What influenced how much detail you included? (Select all that apply)","multiple_choice","[""Time pressure"",""Task instructions"",""Chatbot's tone""]","2026-03-30T19:20:20.525Z",,
"bda796c0-4a38-44dd-8961-04d3071fea14","0edd34bf-ea11-4c14-a75f-e7b1ddf61225","12","Did the chatbot encourage you to share more detailed information?","likert","Strongly Agree","2026-03-30T19:20:20.525Z",,
"60f39f2b-3804-4b0f-bd24-710414692f2a","0edd34bf-ea11-4c14-a75f-e7b1ddf61225","13","The interaction made me more aware of how personal details can be included in prompts.","likert","Agree","2026-03-30T19:20:20.525Z",,
"0b33acdb-104e-49e2-9b46-9195f496f5c3","0edd34bf-ea11-4c14-a75f-e7b1ddf61225","14","In real-world use, I would be cautious about sharing personal information.","likert","Strongly Agree","2026-03-30T19:20:20.525Z",,
"d0a7250a-be14-48cf-b6ff-aa9763dac6bf","0edd34bf-ea11-4c14-a75f-e7b1ddf61225","15","Thoughts or concerns about privacy.","text","","2026-03-30T19:20:20.525Z",,
"721028b1-62e5-4e11-abd5-133fb4b6fede","0edd34bf-ea11-4c14-a75f-e7b1ddf61225","3","I was aware that information entered into the chatbot could pose a privacy risk.","likert","Strongly Agree","2026-03-30T19:20:20.520Z",,
"4c9f13c4-faf8-4f0b-abc5-e85c754f38a9","0edd34bf-ea11-4c14-a75f-e7b1ddf61225","7","It was clear to me how my inputs might be stored or used by the system. ","likert","Neutral","2026-03-30T19:20:20.522Z",,
"c2db1355-fce3-42db-965f-99304d971574","0edd34bf-ea11-4c14-a75f-e7b1ddf61225","9","I found myself including more detail than necessary.","likert","Disagree","2026-03-30T19:20:20.524Z",,
"8f667131-e4ab-403d-9eda-9935d38c5395","0edd34bf-ea11-4c14-a75f-e7b1ddf61225","2","What do you primarily use chatbots for? (Select all that apply)","multiple_choice","[""Other: I don’t use them""]","2026-03-30T19:20:20.520Z",,
"09ff3579-4538-4143-97ee-6d1136436477","0edd34bf-ea11-4c14-a75f-e7b1ddf61225","5","The chatbot felt conversational and informal.","likert","Agree","2026-03-30T19:20:20.521Z",,
"cb2965fa-7d42-443f-babb-e393ebdb5566","0edd34bf-ea11-4c14-a75f-e7b1ddf61225","6","I felt comfortable interacting with the chatbot.","likert","Disagree","2026-03-30T19:20:20.522Z",,
"d506e279-b80d-4273-adab-8e03e9159311","0edd34bf-ea11-4c14-a75f-e7b1ddf61225","8","How closely did your prompts resemble realistic personal scenarios?","multiple_choice","Slightly","2026-03-30T19:20:20.523Z",,
"8b2b54c8-5082-475e-bb5e-dc74b32be619","0edd34bf-ea11-4c14-a75f-e7b1ddf61225","4","I felt confident that the chatbot would handle user-provided information securely.","likert","Strongly Disagree","2026-03-30T19:20:20.521Z",,
"02b28e83-6ce5-4c94-9f40-ad21cca2cb3f","1e881145-dc53-49b8-94f2-01ecaf892d0b","1","How often do you use conversational AI systems?","multiple_choice","Occasionally","2026-03-30T19:24:17.896Z",,
"7dda80b0-4a7f-4229-b619-19cc62d396ac","1e881145-dc53-49b8-94f2-01ecaf892d0b","4","I felt confident that the chatbot would handle user-provided information securely.","likert","Disagree","2026-03-30T19:24:17.896Z",,
"00ac6f69-e84a-4c9b-9998-f64c69ba4b71","1e881145-dc53-49b8-94f2-01ecaf892d0b","5","The chatbot felt conversational and informal.","likert","Disagree","2026-03-30T19:24:17.896Z",,
"90028ee9-a166-4cfb-acba-06c4ea4f6bd9","1e881145-dc53-49b8-94f2-01ecaf892d0b","6","I felt comfortable interacting with the chatbot.","likert","Disagree","2026-03-30T19:24:17.896Z",,
"80ad3ffb-808b-413f-882f-45c5c7eee7a7","1e881145-dc53-49b8-94f2-01ecaf892d0b","3","I was aware that information entered into the chatbot could pose a privacy risk.","likert","Strongly Agree","2026-03-30T19:24:17.896Z",,
"8dff30e4-fa13-4ee3-87c2-922b7564ff05","1e881145-dc53-49b8-94f2-01ecaf892d0b","2","What do you primarily use chatbots for? (Select all that apply)","multiple_choice","[""Learning or studying""]","2026-03-30T19:24:17.896Z",,
"1bd5e272-0891-416e-a1e6-d6370e15689d","1e881145-dc53-49b8-94f2-01ecaf892d0b","7","It was clear to me how my inputs might be stored or used by the system. ","likert","Strongly Disagree","2026-03-30T19:24:17.896Z",,
"8d367ebc-bc84-4bfe-b843-6135679959f6","1e881145-dc53-49b8-94f2-01ecaf892d0b","8","How closely did your prompts resemble realistic personal scenarios?","multiple_choice","Slightly","2026-03-30T19:24:17.896Z",,
"e1ca1e40-77ed-4448-954c-40bda374f637","1e881145-dc53-49b8-94f2-01ecaf892d0b","10","I felt in control of what information I shared.","likert","Disagree","2026-03-30T19:24:17.897Z",,
"7161b475-b6b3-4b19-b6c9-78929db08892","1e881145-dc53-49b8-94f2-01ecaf892d0b","13","The interaction made me more aware of how personal details can be included in prompts.","likert","Disagree","2026-03-30T19:24:17.897Z",,
"a598af9c-83aa-436a-ab71-598c515a54b6","1e881145-dc53-49b8-94f2-01ecaf892d0b","12","Did the chatbot encourage you to share more detailed information?","likert","Disagree","2026-03-30T19:24:17.897Z",,
"60b28b5a-bb4f-434c-954a-7e4efd0212cd","1e881145-dc53-49b8-94f2-01ecaf892d0b","14","In real-world use, I would be cautious about sharing personal information.","likert","Agree","2026-03-30T19:24:17.897Z",,
"4cff50bc-122d-4385-a941-d864b45d5669","1e881145-dc53-49b8-94f2-01ecaf892d0b","11","What influenced how much detail you included? (Select all that apply)","multiple_choice","[""Wanting more accurate responses"",""Task instructions""]","2026-03-30T19:24:17.897Z",,
"149579af-62ff-4cc1-9b1f-320234d1a558","1e881145-dc53-49b8-94f2-01ecaf892d0b","15","Thoughts or concerns about privacy.","text","","2026-03-30T19:24:17.897Z",,
"831f1bd3-2650-484c-8644-d4940b72c3f8","1e881145-dc53-49b8-94f2-01ecaf892d0b","9","I found myself including more detail than necessary.","likert","Strongly Agree","2026-03-30T19:24:17.897Z",,